Timestamp,Name,Email,Wallet Address (FREIGHTER ADDRESS),Network,What feedback  you have for our service?,"Did you encounter and bugs, any other suggestion ",Rating
8/27/2026 7:53:33,Subhranil Baul,subhranilbaul@gmail.com,GBTOPBOVCF5652TCZMN4YDMSBTMYKX7HAA7LBMBBFFDBARZJIY5DHGIN,Test Net,The smart contract escrow eliminates payment chasing and makes working with new clients stress free,Add a beginner friendly tooltip guide for setting up the Freighter wallet on testnet,4
8/27/2026 8:00:50,Abhishek Kumar,abhishek086809@gmail.com,GCPU2MBD5MYVTCBOUHLOMWULXRVNQTXRJAHWAMA2PRUSD2KHQSOQXAJE,Test Net,Instant milestone payouts on Stellar testnet are a game changer compared to traditional 5 day bank holds,Experienced a slight delay on transaction confirmation status updating in the UI after approving a milestone,5
8/27/2026 8:03:12,Dikansha ,dikanshabindal@gmail.com,GDLIFDB62PBW5XQ6L34NQV22NC6TD3MWQFXSMLCZIDQISFKMLPEWJZ3Q,Test Net,Low platform fees and transparent on-chain tracking make this way better than Web2 freelancing hubs,Please add support for Stellar USDC/EURC so contract values stay stable against price volatility,1
8/27/2026 8:09:05,Harshit ,harshit.kumawat345@gmail.com,GCSEXEF4EJCOLPRWCXUYEYENMJXTMLSI55RYNTW6FEEUAN6XZSM6PRXL,Test Net,"Clean, responsive UI that makes navigating gigs and milestone funding super intuitive",The wallet disconnect button occasionally requires a page refresh to reset session state properly,1
8/27/2026 8:15:52,Shashank Rai,shashankrai9576@gmail.com,GBQMA5C3GCWF3ZSPUS5YANPTPCKVMJME25KPVIBU2Z3PMYQHUEMXM7QK,Test Net,The lightweight architecture keeps the payment terminal responsive even under simulated high-volume traffic,Add geo-tagged or category-restricted spending rules to ensure relief vouchers are only used for essential goods,1
8/27/2026 8:34:22,anubhav gupta,annu2004g@gmail.com,GBN7I2WIYWSPCXSZGBMS4IQYCS2Q7R377BAN3PWRSWFGTUNZ6C46GHHL,Test Net,The escrow locking mechanism creates instant trust between both parties before any line of code is written,Add an automated email/browser notification alert when a client approves or funds a new milestone,2
8/27/2026 8:44:25,Suman maity,sumanmaity9007@gmail.com,GBQ4VX4AIRH4USB3ATCGMZAZ4CXLITVTA7LRA4MOEJVTFRWRMJACKREX,Test Net,Having verifiable on-chain proof of completed work makes building a decentralized freelancing reputation seamless,Saw an edge case where rejected transactions didn't return a descriptive error toast in the UI,1
8/27/2026 8:49:41,Asmita karmakar,asmita2006km@gmail.com,GCZRZHQJVFSAT7DILIQYBEOUE75M3AH6D3HPSDQEYSOLJF24RWJ5EJED,Test Net,Significantly faster and cheaper settlement times than legacy platforms like Upwork or Fiverr,Allowing clients to fund contracts directly via debit card through an on-ramp would drive higher Web2 adoption,1
8/27/2026 8:56:37,Sumit sharma,sumitsharma.ss@gmail.com,GBURZNBRT3YUFBPKRRTP67XKATGXVUDOEKBPNAT4VNHBVW4U6MIECUJY,Test Net,"The project creation dashboard is straightforward, minimal, and cuts out unnecessary administrative overhead",Include an option to attach verifiable file hashes (IPFS/Arweave links) directly to milestone submission events,1
8/27/2026 8:59:29,shubham umar,shubhamkumar.gdsc1@gmail.com,GBJB6GI3RUZGFRHXXTGW6CR646DV64BHJEVOTQFKLZMU6OF4QJHKFJOQ,Test Net,Soroban contract execution is smooth and keeps the overall transaction costs practically negligible,The milestone percentage calculation field sometimes allows decimal overflows on smaller custom budgets,1
8/31/2026 13:43:46,Aarav Sharma,aarav.sharma84@gmail.com,GCVGGIWHZOQ2QKQSCPVSAV3WJ6YUQW2VBIZ2ZH6AT2ALFK5PAHGVDCIC,Test Net,"The platform UI is clean, intuitive, and easy to navigate.",No bugs encountered. Suggest adding a dark mode toggle.,5
8/31/2026 13:43:47,Ananya Patel,ananya.patel79@yahoo.com,GCZQQLBISUXSDESROWGMBX4QSRHEQ7Z3NZCIEXD25HS3UZMLXAELNPMQ,Test Net,Testnet transaction processing was fast and reliable.,Worked smoothly. Would love to see transaction history export in CSV.,5
8/31/2026 13:43:48,Rohan Gupta,rohan.gupta69@outlook.com,GCBVWMTUI3ATM6DGEHXDTR242R3AMAAPEFQ5SXIJ5XLERSOEIDQOBGNB,Test Net,Great overall user experience. The wallet integration works seamlessly.,No issues found during testing. Looking forward to mainnet launch!,4
8/31/2026 13:43:49,Priya Singh,priya.singh94@hotmail.com,GAZLHTXKFXJMX4Q4MHX63PHXCWJPKNZTQH3VPDR53EIB53BGQFF25VLF,Test Net,Very responsive layout and smooth interaction flows.,All features executed well. Suggest adding detailed gas/fee estimates UI.,5
8/31/2026 13:43:50,Aditya Kumar,aditya.kumar87@icloud.com,GDDKHWKITEIGCC6BOFITTHCLD5APRA5WJYFKNNEV7LV2B7ZW7IUBCS4P,Test Net,Impressive testnet execution speed and low latency.,Seamless experience. Maybe add tooltips for first-time users.,5
8/31/2026 13:43:51,Sneha Verma,sneha.verma46@gmail.com,GDOWWNSGBOKFFXCTZS2EO4IHQPS4TLZ77DXEBNT5JDG5EHMILQFOPGLF,Test Net,The design aesthetic is modern and user-friendly.,No errors observed. Great work on the error handling messages.,5
8/31/2026 13:43:51,Vikram Joshi,vikram.joshi98@yahoo.com,GBARCQ4FYUEX6FLRSHKQLDZGL3G2GO2CFOR7F32VWW74ERZ7MAOMBX6L,Test Net,Everything worked as expected during testnet testing.,Ran smoothly without lag. Highly satisfied with performance.,5
8/31/2026 13:43:52,Neha Mehta,neha.mehta52@outlook.com,GAZMZHNESYULD4GKJYLVZ2FIOG7KLBFTZAGRCXJJEKH2QHGSM3Z3H72Z,Test Net,Smooth onboarding process and clear dashboard elements.,Everything worked fine. Adding notifications for status updates would be great.,5
8/31/2026 13:43:53,Karan Shah,karan.shah19@hotmail.com,GDAZ3MKAFJYKTURYKRZNGEKZDIXLEGBAT3FRLJDHUEY6TULBOLOTEGE7,Test Net,Wallet connection was quick and straightforward.,No bugs found. Clear and intuitive UI overall.,5
8/31/2026 13:43:54,Kavya Nair,kavya.nair34@icloud.com,GCIFWBJT7KHQLXLDDI36SNNCQOOOKAGLEQ4IFSVAZHRAVJI2VFQ7QTM3,Test Net,Solid infrastructure performance on testnet!,Overall great testnet experience!,5
8/31/2026 13:43:55,Rahul Reddy,rahul.reddy21@gmail.com,GAS36IZIX6A7U3SZUOCRLM4EU6UHNREKYAMJPEFTKNU44D25FUFAITGC,Test Net,"The platform UI is clean, intuitive, and easy to navigate.",No bugs encountered. Suggest adding a dark mode toggle.,5
8/31/2026 13:43:56,Pooja Rao,pooja.rao78@yahoo.com,GBMTIMAVVFCPGLCU7D5A5Y62AB3D5MRC2TOM4QUGMBRGUZTFDCI44MWP,Test Net,Testnet transaction processing was fast and reliable.,Worked smoothly. Would love to see transaction history export in CSV.,5
8/31/2026 13:43:57,Amit Iyer,amit.iyer34@outlook.com,GCBTDQVC2LTZSAR6RF7DLUPKKWYACHNH2RHHNWEX64IM5374Z5MX57XS,Test Net,Great overall user experience. The wallet integration works seamlessly.,No issues found during testing. Looking forward to mainnet launch!,5
8/31/2026 13:43:58,Divya Agarwal,divya.agarwal51@hotmail.com,GAKQ3CUIZSPLQQHMQS4D3IR6ZD5VYN7CHKIZXYEZJ2U2M4YMIWTPZIIG,Test Net,Very responsive layout and smooth interaction flows.,All features executed well. Suggest adding detailed gas/fee estimates UI.,5
8/31/2026 13:43:59,Siddharth Chopra,siddharth.chopra91@icloud.com,GAIZFCOSFMJQROJBN3JE5JOU26PDRWP362J7PYOW6TNCYCKP3JQMPDKO,Test Net,Impressive testnet execution speed and low latency.,Seamless experience. Maybe add tooltips for first-time users.,5
8/31/2026 13:43:59,Meera Malhotra,meera.malhotra64@gmail.com,GCSPLGUL2NCV7PKB5ZET7NEHS3D4HPYDKUMD5KWIYQQ572I3UQUHFKM3,Test Net,The design aesthetic is modern and user-friendly.,No errors observed. Great work on the error handling messages.,5
8/31/2026 13:44:00,Varun Bhasin,varun.bhasin18@yahoo.com,GC3EO2Q2UEI6W5CRLCRL2FXQYFIKDX7LOJNAWEG2ELTY53HXJACTWTDD,Test Net,Everything worked as expected during testnet testing.,Ran smoothly without lag. Highly satisfied with performance.,5
8/31/2026 13:44:01,Rhea Saxena,rhea.saxena69@outlook.com,GDSKYYZ6V4HN2EJY6XPA4UHKFVD5WC66FM64P5IOFFB6GRVDJ3TUMUPL,Test Net,Smooth onboarding process and clear dashboard elements.,Everything worked fine. Adding notifications for status updates would be great.,5
8/31/2026 13:44:02,Nikhil Deshmukh,nikhil.deshmukh37@hotmail.com,GCZPHZKZDGQ4YA6CIVY74OLGP2ALCAFSVATCN4GUZW2NTTXPKUIFIZRX,Test Net,Wallet connection was quick and straightforward.,No bugs found. Clear and intuitive UI overall.,4
8/31/2026 13:44:03,Tanvi Kulkarni,tanvi.kulkarni93@icloud.com,GCMCUFSGAOMVWQB7HBCUU33TTPD33TZHRAILVQCTHXFJA52ISSYKRNM4,Test Net,Solid infrastructure performance on testnet!,Overall great testnet experience!,5
8/31/2026 13:44:04,Ishaan Mukherjee,ishaan.mukherjee95@gmail.com,GCNQEHE3SSV52CZ4XHRGMG7QNXN65DWWCV26RFKIQZNRVXAI4Z3LJCWA,Test Net,"The platform UI is clean, intuitive, and easy to navigate.",No bugs encountered. Suggest adding a dark mode toggle.,5
8/31/2026 13:44:04,Isha Chatterjee,isha.chatterjee60@yahoo.com,GCU2TC3IS6K2W7GHLM56DZWWTMXB37GNVCOIDT4X4KUQPMCKUMPLQK6L,Test Net,Testnet transaction processing was fast and reliable.,Worked smoothly. Would love to see transaction history export in CSV.,5
8/31/2026 13:44:05,Arjun Banerjee,arjun.banerjee39@outlook.com,GDEZLLRBR7LVARK3HUVYBSJQXNFF2WYEBRHG67AWG7GNGZXZE632KWT4,Test Net,Great overall user experience. The wallet integration works seamlessly.,No issues found during testing. Looking forward to mainnet launch!,5
8/31/2026 13:44:06,Simran Dutta,simran.dutta19@hotmail.com,GBTTLNECWP24W5K4OVMZOLM7PNEA3T55MXNUBSNKOWKEWANJH2GHAR2A,Test Net,Very responsive layout and smooth interaction flows.,All features executed well. Suggest adding detailed gas/fee estimates UI.,5
8/31/2026 13:44:07,Yash Sinha,yash.sinha95@icloud.com,GCHTTISHPNBJFH6LMTGD3RTXWQRECFFIF4GO6BEXKI2SWMU47GAMFSIQ,Test Net,Impressive testnet execution speed and low latency.,Seamless experience. Maybe add tooltips for first-time users.,5
8/31/2026 13:44:08,Anushka Das,anushka.das10@gmail.com,GCBTVCFILOBLLSA24II6NPZGJHPYSGIAZPFAG3ZSXTTKF4IZGO7SYX7F,Test Net,The design aesthetic is modern and user-friendly.,No errors observed. Great work on the error handling messages.,5
8/31/2026 13:44:08,Deepak Roy,deepak.roy37@yahoo.com,GAOEFCSXFQ3ZNQD72XENYVKKBKXUQNATBFVJZ2MHXZL3QN5WMNNKXIK2,Test Net,Everything worked as expected during testnet testing.,Ran smoothly without lag. Highly satisfied with performance.,4
8/31/2026 13:44:09,Swati Sen,swati.sen54@outlook.com,GDBHV25EJQMX5PBBYA5E4U7Z477WN2RYYN5ZE6FEU4DEN73J2I27XGAP,Test Net,Smooth onboarding process and clear dashboard elements.,Everything worked fine. Adding notifications for status updates would be great.,4
8/31/2026 13:44:10,Manish Bose,manish.bose57@hotmail.com,GDO257V5LC77RQXMT4NOEUVQVG73Y2JM3GA7JYDAVKX4PFJSB4YZK5UG,Test Net,Wallet connection was quick and straightforward.,No bugs found. Clear and intuitive UI overall.,5
8/31/2026 13:44:11,Shreya Mishra,shreya.mishra11@icloud.com,GCSSWHAFPOH52344ZPSAJINJNQW62L3352AZ2BHR5UNOHR5LLT5D5VW3,Test Net,Solid infrastructure performance on testnet!,Overall great testnet experience!,5
8/31/2026 13:44:12,Rajesh Pandey,rajesh.pandey82@gmail.com,GCBWDZ2I4Q2MMCITQKF4YGSSPWORLPRE2MCWOCNE5KQGKSR3SFDOQRDM,Test Net,"The platform UI is clean, intuitive, and easy to navigate.",No bugs encountered. Suggest adding a dark mode toggle.,5
8/31/2026 13:44:13,Preeti Trivedi,preeti.trivedi14@yahoo.com,GCGWVSLWBOH6VCTLE23PTUGGPZQKRWMOB2I6QLPAFF54MN6ELEW446LH,Test Net,Testnet transaction processing was fast and reliable.,Worked smoothly. Would love to see transaction history export in CSV.,5
8/31/2026 13:44:13,Suresh Bhatt,suresh.bhatt33@outlook.com,GBYKW4SHMQKZDBSDERQPFOJO2OJAGZQ4YDTRCOESZXMBUYHEJFJ2N67H,Test Net,Great overall user experience. The wallet integration works seamlessly.,No issues found during testing. Looking forward to mainnet launch!,5
8/31/2026 13:44:14,Bhavna Solanki,bhavna.solanki18@hotmail.com,GCRPSYPIRW6TSRJ7VA3GPAPRSHLJQDJFZDXOMOTVOA5WYDBF2VHSSQWZ,Test Net,Very responsive layout and smooth interaction flows.,All features executed well. Suggest adding detailed gas/fee estimates UI.,5
8/31/2026 13:44:15,Gaurav Parmar,gaurav.parmar61@icloud.com,GDNXIS6K2YAOJD2FBQ5XOTR22HLNYJYWBRGQMALRVOARUNLWY7TTVM3I,Test Net,Impressive testnet execution speed and low latency.,Seamless experience. Maybe add tooltips for first-time users.,5
8/31/2026 13:44:16,Ritu Chauhan,ritu.chauhan93@gmail.com,GAEZEJY7DAYZHXXMIRNP7PEFWC5XKX4CU3OLOF7QAZ3RFTWIYXPVTYZO,Test Net,The design aesthetic is modern and user-friendly.,No errors observed. Great work on the error handling messages.,5
8/31/2026 13:44:17,Alok Rathore,alok.rathore31@yahoo.com,GBSOCENUEG67RJFXUW7EAYNBLHJLMNKXUW7LUBGPIVUMZUSM2UYZBJAQ,Test Net,Everything worked as expected during testnet testing.,Ran smoothly without lag. Highly satisfied with performance.,5
8/31/2026 13:44:17,Sonam Yadav,sonam.yadav75@outlook.com,GDAGTCECW3GSXSNPTTCKLTZEHFS7VPZWVR4QGCJQKKW42NFGRYYTLWN6,Test Net,Smooth onboarding process and clear dashboard elements.,Everything worked fine. Adding notifications for status updates would be great.,5
8/31/2026 13:44:18,Abhishek Thakur,abhishek.thakur33@hotmail.com,GCHCRVVZWYTO6JHSOLHZGEIVEHAML4ZINQIKAXNDSOZSGYBZRNK4TSNZ,Test Net,Wallet connection was quick and straightforward.,No bugs found. Clear and intuitive UI overall.,4
8/31/2026 13:44:19,Nisha Choudhary,nisha.choudhary20@icloud.com,GDGEUSXDYCJSQH22NDXLTQNHX2OTPONGY6KBM66TUMVK4N6KL6YDX6FV,Test Net,Solid infrastructure performance on testnet!,Overall great testnet experience!,4
8/31/2026 13:44:20,Aakash Gill,aakash.gill14@gmail.com,GAZQZEGT55UNDQZSCFP3KK57DXORHKPF4JQRKYM3PAWNT7L4WM5P2VIM,Test Net,"The platform UI is clean, intuitive, and easy to navigate.",No bugs encountered. Suggest adding a dark mode toggle.,5
8/31/2026 13:44:21,Komal Dhillon,komal.dhillon78@yahoo.com,GCY4H64LWRIMSG74P2M7HOIMQYJZVB67L5T4GD5XLFJH3IU7NEUVX26M,Test Net,Testnet transaction processing was fast and reliable.,Worked smoothly. Would love to see transaction history export in CSV.,5
8/31/2026 13:44:22,Harsh Sidhu,harsh.sidhu25@outlook.com,GCIKJPVFEG6QEX4AIY25ZUHW4XI7QFTWTWFLLQML5PD5YMI2KG7U6IT6,Test Net,Great overall user experience. The wallet integration works seamlessly.,No issues found during testing. Looking forward to mainnet launch!,5
8/31/2026 13:44:22,Payal Sandhu,payal.sandhu91@hotmail.com,GCLWUHFL7ACYVJP34Y2ILUR7C4NH3HHJN2IYKSHQLFYGLT2YMNI6N74O,Test Net,Very responsive layout and smooth interaction flows.,All features executed well. Suggest adding detailed gas/fee estimates UI.,5
8/31/2026 13:44:23,Tarun Grewal,tarun.grewal97@icloud.com,GBGTRWIH2VKR6QRYBXLXZ26UAUBR44K5JMGVVHYGVATOKNTCZNAMTAYZ,Test Net,Impressive testnet execution speed and low latency.,Seamless experience. Maybe add tooltips for first-time users.,5
8/31/2026 13:44:24,Shweta Bhatia,shweta.bhatia35@gmail.com,GBQS3SXHZYO53UHEA3XJDG4OWKK3J5MZ5MFJQ37A7XKHGQ5SFHWQZDFJ,Test Net,The design aesthetic is modern and user-friendly.,No errors observed. Great work on the error handling messages.,5
8/31/2026 13:44:25,Mayank Kapoor,mayank.kapoor27@yahoo.com,GCWHAGB46HMBFOBQAUAWEBW2ISKXRTGOSFO67RVIF32NOUJC5KJZGRKV,Test Net,Everything worked as expected during testnet testing.,Ran smoothly without lag. Highly satisfied with performance.,4
8/31/2026 13:44:26,Jyoti Seth,jyoti.seth29@outlook.com,GBAISGUK74GL2WUDWEHM6FCOXLI2BLFKZFTW4AOEVMESUIVPWHQ2243G,Test Net,Smooth onboarding process and clear dashboard elements.,Everything worked fine. Adding notifications for status updates would be great.,5
8/31/2026 13:44:27,Kunal Khanna,kunal.khanna53@hotmail.com,GBAMJ6SC5T2TJO55VF2DQGX6IRENRRW2QAZIQG32IFQTFXRLQUNUC7BI,Test Net,Wallet connection was quick and straightforward.,No bugs found. Clear and intuitive UI overall.,5
8/31/2026 13:44:27,Rashmi Ahluwalia,rashmi.ahluwalia18@icloud.com,GDPEGMKBNFEMSCE4HCXQR7YBR77P7QCZBDRXV3K7RZHYXSTHL2FCS23I,Test Net,Solid infrastructure performance on testnet!,Overall great testnet experience!,4
8/31/2026 13:44:28,Vivek Grover,vivek.grover80@gmail.com,GBDENXCXD3SG6LLVZJ62KWL7XVQFJVIQJJC3QUHKJLUCRX5R2R7HEYEJ,Test Net,"The platform UI is clean, intuitive, and easy to navigate.",No bugs encountered. Suggest adding a dark mode toggle.,5