Index,TxHash,SenderId,SenderPublicKey,SenderSecretKey,ReceiverId,ReceiverPublicKey,AmountXLM,Memo,Status,ExplorerUrl,Timestamp
1,deb8470e6be7c1676e3893a1137f6cf8d8d70fb0481dcc3d1f2f65ff881804b3,1,GCV6GIWASJOV6WAJOEHODCYF4642GX23FAKQ5AMTQEU733O3WZ4KXVJM,SAJBSJURLJPALXQE3UDYTNDE5ZOD57KL4LKFBHASSNPINRYXUO5SYUVW,2,GCZQQLB6T2RLDIU25Y2VMPRNAEXSRKML3IQCHKHNHKA44YNPJAPMQRIY,29,"TX-USER-1-TO-2-306060",SUCCESS,https://stellar.expert/explorer/testnet/tx/deb8470e6be7c1676e3893a1137f6cf8d8d70fb0481dcc3d1f2f65ff881804b3,2026-08-31T04:25:13.080Z
2,e701c479516bbf8bc6f4de72a5e4f4b2372ad8f08819302169cd2cca15269aae,2,GCZQQLB6T2RLDIU25Y2VMPRNAEXSRKML3IQCHKHNHKA44YNPJAPMQRIY,SC73IIL7DPX2FIEBVIZYSMYQXTTGVIUUX2RDC2AET2DSI6I6IS64Q5JZ,3,GCBVWMTW5HV4K7ORCHULRCTCPGNXYJ6WZCL7VGZ5DBXDEPNN5WJJY6U6,28,"TX-USER-2-TO-3-313681",SUCCESS,https://stellar.expert/explorer/testnet/tx/e701c479516bbf8bc6f4de72a5e4f4b2372ad8f08819302169cd2cca15269aae,2026-08-31T04:25:22.360Z
3,07e5341199d97b6719a3ff7bf4cbeec25f49dfad4b70a82e2a8363df02b3a0a4,3,GCBVWMTW5HV4K7ORCHULRCTCPGNXYJ6WZCL7VGZ5DBXDEPNN5WJJY6U6,SAKQT5DTNASRYGFSCA2SZN4JCEQYPXRBVCH23PCPJ7JLM6NSZKJXAXGX,4,GA2LHTXKKZ6HJGETMJFZMFV6YYJOPEFG2443D7MMLJVX5PZMRC3HPAO6,7,"TX-USER-3-TO-4-322968",SUCCESS,https://stellar.expert/explorer/testnet/tx/07e5341199d97b6719a3ff7bf4cbeec25f49dfad4b70a82e2a8363df02b3a0a4,2026-08-31T04:25:32.360Z
4,e56aec9658d98c616ea9d7683591eedce8c0646ba864b715fc2c72bc932102e8,4,GA2LHTXKKZ6HJGETMJFZMFV6YYJOPEFG2443D7MMLJVX5PZMRC3HPAO6,SC3Q6DBCYXAUA6BEPCZNEBAPGB4RUZXIZ4WZOUVCPISICDKXSIVGCZD2,5,GDDKHW7SHRSJQTVEKYFXDB4GFIYMWMLE3KNIPDDW2NMR5HM4DHFSCBSU,1,"TX-USER-4-TO-5-332969",SUCCESS,https://stellar.expert/explorer/testnet/tx/e56aec9658d98c616ea9d7683591eedce8c0646ba864b715fc2c72bc932102e8,2026-08-31T04:25:42.360Z
5,1acb12aab7b485da110b0b316fe71798657e68a3a48ebd35a726f7b7d14948ff,5,GDDKHW7SHRSJQTVEKYFXDB4GFIYMWMLE3KNIPDDW2NMR5HM4DHFSCBSU,SCSZ56HGKI7OLVBFCQKU2KEXP6NLAOWAX7VCB2TYTU5A643FWSOSB5KD,6,GDOIWN56PZN7VKIPMJSSPRUOITSQDPBBNBHAIHUX6XG4DCEFNCZXMWQJ,16,"TX-USER-5-TO-6-342964",SUCCESS,https://stellar.expert/explorer/testnet/tx/1acb12aab7b485da110b0b316fe71798657e68a3a48ebd35a726f7b7d14948ff,2026-08-31T04:25:52.361Z
6,19a87aaf20a7ac5a608e5e6def109c5156b6c9e1c9ce63f0800152794eabd717,6,GDOIWN56PZN7VKIPMJSSPRUOITSQDPBBNBHAIHUX6XG4DCEFNCZXMWQJ,SCBNRLNHJTRIWSHY2QSOEZYXHYNPMCXH3IEWTJAL6ENEWUU6V77OVGBP,7,GB4RCQ44NJI2UBITFEL6BI7K6JQ2FNF7EGQJB7BOM66K4URNNGGOQHFH,46,"TX-USER-6-TO-7-352966",SUCCESS,https://stellar.expert/explorer/testnet/tx/19a87aaf20a7ac5a608e5e6def109c5156b6c9e1c9ce63f0800152794eabd717,2026-08-31T04:26:02.366Z
7,f102e792a4a45f916e6793977d6973d8123ead80e7cebf6155d6c3f4ee0ced32,7,GB4RCQ44NJI2UBITFEL6BI7K6JQ2FNF7EGQJB7BOM66K4URNNGGOQHFH,SACYKMGAKRZMYOMDURKG4VILFTBRFJ5FML57XQMPI2LC43TG7OYIKOVI,8,GA7MZHNYWZ2R77JWF7MIQZKXSHKOECRQVEH536ACYNH2LJUBJNOMFIKH,49,"TX-USER-7-TO-8-362970",SUCCESS,https://stellar.expert/explorer/testnet/tx/f102e792a4a45f916e6793977d6973d8123ead80e7cebf6155d6c3f4ee0ced32,2026-08-31T04:26:13.069Z
8,6e6e632cbf811be40499533a35ba9abeed7aa80fa7865711f5e66068ce16a477,8,GA7MZHNYWZ2R77JWF7MIQZKXSHKOECRQVEH536ACYNH2LJUBJNOMFIKH,SAIJYYOJ47E6F4EU6EHYE5TLIGHGPHUVI2UZ46D7LTNYMC67G4SBVHK5,9,GDA73MKWTO5ZRQ3D6DWJPY7MTUG7ZVFXH7OOZ6S6PCI6GWW7SSBXM3SC,3,"TX-USER-8-TO-9-373680",SUCCESS,https://stellar.expert/explorer/testnet/tx/6e6e632cbf811be40499533a35ba9abeed7aa80fa7865711f5e66068ce16a477,2026-08-31T04:26:23.081Z
9,f8ef3dab57dde034afbba8f46dc0d9eb58da36138cfefc2bb01ded83ff9ab53e,9,GDA73MKWTO5ZRQ3D6DWJPY7MTUG7ZVFXH7OOZ6S6PCI6GWW7SSBXM3SC,SD62PQYBHT53E3M7XUAJCCRYKJ44Y2BYOLUFWKHGJZLKZGLB4KXTU5MM,10,GCIFWBJTZQNROEM2BMZ3CHBSSNUUZBY3B4V3KDLR3UR5YNL4XHBBNTXH,29,"TX-USER-9-TO-10-383695",SUCCESS,https://stellar.expert/explorer/testnet/tx/f8ef3dab57dde034afbba8f46dc0d9eb58da36138cfefc2bb01ded83ff9ab53e,2026-08-31T04:26:32.369Z
10,c2132477ccdf8b199c123e6f44f41d962d244dbdb7aac63d2b609cefc6585ea8,10,GCIFWBJTZQNROEM2BMZ3CHBSSNUUZBY3B4V3KDLR3UR5YNL4XHBBNTXH,SDXIZLMQPTN6I3T2L6XB7MUTEVJR4Z7N4SRSMUN4NDPSZ4YFVQXVVOWQ,11,GAS36IZIXW5BZD572YKA5XP4OLIMFMUKL33Y7TD7U5PFXVDGCW5LYX7T,15,"TX-USER-10-TO-11-392971",SUCCESS,https://stellar.expert/explorer/testnet/tx/c2132477ccdf8b199c123e6f44f41d962d244dbdb7aac63d2b609cefc6585ea8,2026-08-31T04:26:43.081Z
11,2a80b01abe21683104e4142556acc04144774867764228080aa141121596e058,11,GAS36IZIXW5BZD572YKA5XP4OLIMFMUKL33Y7TD7U5PFXVDGCW5LYX7T,SBFWGQ7QGCN6YXSZQNZUBM6SPX5TIJKK6NKS6KPE7RISZN72MXUCS5UT,12,GBMTIMA333AZXVSAXL4F6VHN4CIA2DOAQHJ66OV6VY2HMED3WGDXDGWC,30,"TX-USER-11-TO-12-403684",SUCCESS,https://stellar.expert/explorer/testnet/tx/2a80b01abe21683104e4142556acc04144774867764228080aa141121596e058,2026-08-31T04:26:53.081Z
12,645eea695c99a124e0cf2a074ff643f6af7d6376c7cdda8bbda3a1ec4876036f,12,GBMTIMA333AZXVSAXL4F6VHN4CIA2DOAQHJ66OV6VY2HMED3WGDXDGWC,SAUXQAAKT2OK7S6SBOZKZISAQCR7GVNM34BMJSHWQ43XEGO7J6BPUYKI,13,GCBTDQVABENO46MRSSDWLXAEQYLUBTGILAQT2XGDSI4UACJD6AOW7II6,33,"TX-USER-12-TO-13-413688",SUCCESS,https://stellar.expert/explorer/testnet/tx/645eea695c99a124e0cf2a074ff643f6af7d6376c7cdda8bbda3a1ec4876036f,2026-08-31T04:27:03.078Z
13,58b1bec3a75cc7957c757ed68ee9af4e2a076aa0b605a72aa98d7d01b5cc9758,13,GCBTDQVABENO46MRSSDWLXAEQYLUBTGILAQT2XGDSI4UACJD6AOW7II6,SDVCGVECDZHF5625QSUU4IX6ZTX24SH4U5P6OOHJELW5U7S6SDEGSK5W,14,GAKQ3CUEJQTFUUKH2LGEX5JL5DCOA4NQJGKHSX7XO6P2FXQRG5NUT5WV,39,"TX-USER-13-TO-14-423688",SUCCESS,https://stellar.expert/explorer/testnet/tx/58b1bec3a75cc7957c757ed68ee9af4e2a076aa0b605a72aa98d7d01b5cc9758,2026-08-31T04:27:12.367Z
14,aa9de1a0dbb8144a9ed921e06a72a45f0e95964ff769f939fa89a456cc8d8343,14,GAKQ3CUEJQTFUUKH2LGEX5JL5DCOA4NQJGKHSX7XO6P2FXQRG5NUT5WV,SD2NTVNZ5W62YUSDDQV4EJDC56KHHSCFELCLMQFOXOTVNONHVN3AUKBR,15,GAI7FCOSEBD3F4RPHGBS5G4DDWODSETPQQW3V3PKDGWQRQO57LRVJ7NC,31,"TX-USER-14-TO-15-432975",SUCCESS,https://stellar.expert/explorer/testnet/tx/aa9de1a0dbb8144a9ed921e06a72a45f0e95964ff769f939fa89a456cc8d8343,2026-08-31T04:27:23.084Z
15,2330cbd70f2c4089e85477ef6a3130dec4a91baf56f8790f2c3227dc4ecef8b9,15,GAI7FCOSEBD3F4RPHGBS5G4DDWODSETPQQW3V3PKDGWQRQO57LRVJ7NC,SCDDHMXB6WVSA34LMLWSFZMWOEJGVF5HMYEIJLE3NIJKPTK7VP64FMBF,16,GC5P46UX4ABAQNH3V2Y5U5CTXY2QLA3A5EJR6CZYLIBJ42LYPS4CMQHQ,34,"TX-USER-15-TO-16-443698",SUCCESS,https://stellar.expert/explorer/testnet/tx/2330cbd70f2c4089e85477ef6a3130dec4a91baf56f8790f2c3227dc4ecef8b9,2026-08-31T04:27:33.073Z
16,bf19c79f1e6a6d468a98ddad79263cffb5cc9faa7fddbbaa15906bca72530e35,16,GC5P46UX4ABAQNH3V2Y5U5CTXY2QLA3A5EJR6CZYLIBJ42LYPS4CMQHQ,SBGVIVGMWPSJUPOZR4VASOJFIWVRHK5XJHHDR6V3XBMVNV2PEGTW4ZCS,17,GC3EO2QRBJNC5I6V26SOXFP2V2OVGHUUC5WPQD4PEGM4LA4ZA4I7MQYW,19,"TX-USER-16-TO-17-453686",SUCCESS,https://stellar.expert/explorer/testnet/tx/bf19c79f1e6a6d468a98ddad79263cffb5cc9faa7fddbbaa15906bca72530e35,2026-08-31T04:27:43.074Z
17,c524745b3bbdb2721e4147d6683d0a01c226254dcf8d29b4d25a09224505c47c,17,GC3EO2QRBJNC5I6V26SOXFP2V2OVGHUUC5WPQD4PEGM4LA4ZA4I7MQYW,SDKAJCY4FY4DF73474QSTLEFG3OTE2WKS4VLAXM62TCOQH2SWHUGA3AP,18,GDSKYYZ6EFZYMT6LAB7WGB27KKLPOHVKHHB6LQOBS4QWLUXY3PYGDZMC,17,"TX-USER-17-TO-18-463689",SUCCESS,https://stellar.expert/explorer/testnet/tx/c524745b3bbdb2721e4147d6683d0a01c226254dcf8d29b4d25a09224505c47c,2026-08-31T04:27:52.365Z
18,80a5e1cd071f1c9a3d8bda045e3f1d9c5b62d5431949f4a916eb237b9c877c2b,18,GDSKYYZ6EFZYMT6LAB7WGB27KKLPOHVKHHB6LQOBS4QWLUXY3PYGDZMC,SDI65X444VVANL6R5LV57AJRVOT3NDQXLILCFAVOWXWNIULXPR2Y7P3L,19,GCZPHZKZ3J2KMKXML5LA57YDLB4Q5OT2HW7U6RU4V7ZMRWKIG6VI7OXT,44,"TX-USER-18-TO-19-472966",SUCCESS,https://stellar.expert/explorer/testnet/tx/80a5e1cd071f1c9a3d8bda045e3f1d9c5b62d5431949f4a916eb237b9c877c2b,2026-08-31T04:28:03.072Z
19,77e80e25d1ba82074b3d8ed88d3a712f8481dbc8531deaaf65b12ad349d9b96e,19,GCZPHZKZ3J2KMKXML5LA57YDLB4Q5OT2HW7U6RU4V7ZMRWKIG6VI7OXT,SD7EEY5FCRFAIH5MXXA766G54VAQCCCDETW4IU25LI2S5KUIV2ZRN4BB,20,GCMCUFSCC3HVD4NR6SDTFBWC46LWPLCRBPIIHTKUBRGAUNHHEX4MF7MI,39,"TX-USER-19-TO-20-483677",SUCCESS,https://stellar.expert/explorer/testnet/tx/77e80e25d1ba82074b3d8ed88d3a712f8481dbc8531deaaf65b12ad349d9b96e,2026-08-31T04:28:13.073Z
20,d3f173a9be40125c65f2d6178f05d8126a3447245171f26564b58852666d2fd3,20,GCMCUFSCC3HVD4NR6SDTFBWC46LWPLCRBPIIHTKUBRGAUNHHEX4MF7MI,SBCIRCMKWIPGFVWQ5D7OBY7NDR4RF5GIYH4JQZAWAXZSVJWKQ7GSWB7B,21,GCNQEHESUSBD3M3PZGM3H5YHCF2JSNWCDAGERZ4W2OUZJVBHB45WRMW4,33,"TX-USER-20-TO-21-493679",SUCCESS,https://stellar.expert/explorer/testnet/tx/d3f173a9be40125c65f2d6178f05d8126a3447245171f26564b58852666d2fd3,2026-08-31T04:28:23.074Z
21,22ac59c33b999843959c3da6cd16633fcfd72d44158f930caab3f7b449880869,21,GCNQEHESUSBD3M3PZGM3H5YHCF2JSNWCDAGERZ4W2OUZJVBHB45WRMW4,SCUTVL4UIPYXJ24NDQKXKJVZGG6RE2PLJ6Q2T6LJO3CO7E757KQFVDUR,22,GCIJ2TC3I72JABO57KRZYJT4XCQORIEG3NYFIKMLR3SVJG3HXBG4CWMA,7,"TX-USER-21-TO-22-503696",SUCCESS,https://stellar.expert/explorer/testnet/tx/22ac59c33b999843959c3da6cd16633fcfd72d44158f930caab3f7b449880869,2026-08-31T04:28:32.383Z
22,5df835da091377b22dd9a072ce8401201ea591e726a9e8e351ddc11eea989c95,22,GCIJ2TC3I72JABO57KRZYJT4XCQORIEG3NYFIKMLR3SVJG3HXBG4CWMA,SCLWPUG4PL7F2HD7CDAXY5TXJJJ6UO3GWT5KI5XUPZ4T3LPJTBICQNBS,23,GDE7LLRB4YS4E4XL2ZVSQSDDNODXUFBSHDUKTBME5UGD6UHOR4Q2F3WB,36,"TX-USER-22-TO-23-512986",SUCCESS,https://stellar.expert/explorer/testnet/tx/5df835da091377b22dd9a072ce8401201ea591e726a9e8e351ddc11eea989c95,2026-08-31T04:28:42.394Z
23,fc1d217f4d31c375843ed08a91628b396008da26963f523b79361cef69c11a40,23,GDE7LLRB4YS4E4XL2ZVSQSDDNODXUFBSHDUKTBME5UGD6UHOR4Q2F3WB,SCIHAKLJKGAMPWIUCMTRC272OS46AJDXS5ZVSLMHRCFCQN2L7RXHIY5Q,24,GBTTLNEQJHIGK2KNMHNTWXMTZZGFB2Y2NYEANGGQOZ6ZH5MPBGRYKPKG,11,"TX-USER-23-TO-24-523004",SUCCESS,https://stellar.expert/explorer/testnet/tx/fc1d217f4d31c375843ed08a91628b396008da26963f523b79361cef69c11a40,2026-08-31T04:28:53.090Z
24,83547e08be93120835ea26771282fc98adb2546f193a39ee10dfa624d669b6d6,24,GBTTLNEQJHIGK2KNMHNTWXMTZZGFB2Y2NYEANGGQOZ6ZH5MPBGRYKPKG,SAIFUDHNZRPCMXJJ3QBJSRNHVS45Q7TLUX3COEUGXEJKBR7EACSVPLYW,25,GCH7TISH4FMHDV6T5C5BC65DSMMH6KUZ4T3M3ACQNRCJRIHEZ5CETLT3,46,"TX-USER-24-TO-25-533701",SUCCESS,https://stellar.expert/explorer/testnet/tx/83547e08be93120835ea26771282fc98adb2546f193a39ee10dfa624d669b6d6,2026-08-31T04:29:02.381Z
25,0580c50c2b8926783f94427f6cbdeb7cf35ef4c3d8c68254b5837eb685c546fe,25,GCH7TISH4FMHDV6T5C5BC65DSMMH6KUZ4T3M3ACQNRCJRIHEZ5CETLT3,SBJRPKOEEPMI3XLXFLTZW2KBJWURWV7BKHRYTWLREDNQKCL4IJZFIV6B,26,GCBTVCFIBHABCBUOAHEIEESWYLGTDXKNVKOF2QIERAGKYX4MW6Y4YJV4,18,"TX-USER-25-TO-26-542993",SUCCESS,https://stellar.expert/explorer/testnet/tx/0580c50c2b8926783f94427f6cbdeb7cf35ef4c3d8c68254b5837eb685c546fe,2026-08-31T04:29:13.092Z
26,e1f876af196b6823dfc7f7332aee5b79cd2017bbc1da0fe2a720f1d0746a8ee5,26,GCBTVCFIBHABCBUOAHEIEESWYLGTDXKNVKOF2QIERAGKYX4MW6Y4YJV4,SD576Z6QMW6VE4QRXELMIQ5EW2B4CZIQNWZE4R7UH7TIEXBD3ZHORHCM,27,GAOEFCS7KCF7U64E6WSGLGW2FVJDBA4GB2OSYJZNGLJ26LKS3RECW4WF,35,"TX-USER-26-TO-27-553704",SUCCESS,https://stellar.expert/explorer/testnet/tx/e1f876af196b6823dfc7f7332aee5b79cd2017bbc1da0fe2a720f1d0746a8ee5,2026-08-31T04:29:23.092Z
27,a380721837a7bf49747fbe162378917331b5b468287c2dd223c2e382432d9d35,27,GAOEFCS7KCF7U64E6WSGLGW2FVJDBA4GB2OSYJZNGLJ26LKS3RECW4WF,SBFD6X5CKOJW7G7CSNJ75IINT5UAVUWEDY25376SONCWL3JUFUTN6MDC,28,GDBHV25HH6TQOIFVSKFYARHSX7AJXSBTZXBSBICI46ZJ3UUXZSPPXC76,6,"TX-USER-27-TO-28-563709",SUCCESS,https://stellar.expert/explorer/testnet/tx/a380721837a7bf49747fbe162378917331b5b468287c2dd223c2e382432d9d35,2026-08-31T04:29:33.094Z
28,f1b87d2352485e62c5c851c176463ec654fe24a61a4f73485fc015e126afcd2f,28,GDBHV25HH6TQOIFVSKFYARHSX7AJXSBTZXBSBICI46ZJ3UUXZSPPXC76,SDM5FDXD5IGZZEA4GHB4TGIWZCLQBGZAA5JH427EVFRDPV5LVGEH424O,29,GDO257VS5KWPTMS2IBXUNE4YFQY4KLCRACDILJVE4RXN25KR3DHFEDLO,22,"TX-USER-28-TO-29-573696",SUCCESS,https://stellar.expert/explorer/testnet/tx/f1b87d2352485e62c5c851c176463ec654fe24a61a4f73485fc015e126afcd2f,2026-08-31T04:29:42.384Z
29,5e13d14411b68fdac2b2a9930662437fe1c30797ca2f91f7d2f48a006e103cd0,29,GDO257VS5KWPTMS2IBXUNE4YFQY4KLCRACDILJVE4RXN25KR3DHFEDLO,SD42OLHRRYAF3GIR66H5GMG3CV3YMUCB6LXUQ6RJRPNFZTHQRIHA4RTY,30,GC3SWHNHKHPQNHAYELCFYEYV4LEIDOXYMYAGAZ3XF6FLKNUMUTHORAWS,35,"TX-USER-29-TO-30-582985",SUCCESS,https://stellar.expert/explorer/testnet/tx/5e13d14411b68fdac2b2a9930662437fe1c30797ca2f91f7d2f48a006e103cd0,2026-08-31T04:29:52.387Z
30,d128fae62d6b958652b2b4d2e050f54f0f12900ef9adbf887564fc563fbb6f1a,30,GC3SWHNHKHPQNHAYELCFYEYV4LEIDOXYMYAGAZ3XF6FLKNUMUTHORAWS,SC65PBTFAC4TFUO52PFKH4PNIDK574IDWDAYLQVXSEGUAEKTYI7YOWSK,31,GC3WDZ2B3OTWOXZZRW3VGJHLDUQZJNLYSCP7CARTBQVC3F7QU6BRQ6LA,23,"TX-USER-30-TO-31-593002",SUCCESS,https://stellar.expert/explorer/testnet/tx/d128fae62d6b958652b2b4d2e050f54f0f12900ef9adbf887564fc563fbb6f1a,2026-08-31T04:30:03.097Z
31,d9228e5c108d4c54dc0fd7fc6dac3a9aeb6cc673f528561276cfc362d2b6cbd1,31,GC3WDZ2B3OTWOXZZRW3VGJHLDUQZJNLYSCP7CARTBQVC3F7QU6BRQ6LA,SAEMTZBJEUSWZHS3JUUJUBCEYKPB3CRVH4GO7IMXWVEVGFWBQVBEVWYN,32,GCGWV5LXBHPLE6NUUF62MQCV4NVAFUPBBRZIJXMZTSBYYOJZD6KOSZI6,16,"TX-USER-31-TO-32-603707",SUCCESS,https://stellar.expert/explorer/testnet/tx/d9228e5c108d4c54dc0fd7fc6dac3a9aeb6cc673f528561276cfc362d2b6cbd1,2026-08-31T04:30:13.093Z
32,c4fc8bae729fe55c0519a1e007fe58b5801b6c098c84b6b476d193ca852a2fbd,32,GCGWV5LXBHPLE6NUUF62MQCV4NVAFUPBBRZIJXMZTSBYYOJZD6KOSZI6,SDMLO353EL6726B24E3RNT2DO4VCOSVENFW32GCJAUTPNU2JHFBVGSRJ,33,GBYKW4S4IJKANTITN2PLMWIKDLDYDSMRARFX5CKRNJ2FZNF4PXOU5RPX,22,"TX-USER-32-TO-33-613697",SUCCESS,https://stellar.expert/explorer/testnet/tx/c4fc8bae729fe55c0519a1e007fe58b5801b6c098c84b6b476d193ca852a2fbd,2026-08-31T04:30:23.088Z
33,042e424c0b1a9df08d37b964a8299b434d34f1ec23cd41b2d1f269f9e66466a8,33,GBYKW4S4IJKANTITN2PLMWIKDLDYDSMRARFX5CKRNJ2FZNF4PXOU5RPX,SAKNWEXKLJRA7Y37OLABTBDVVVT6OGQPGIX3YDLIS7ERSZNFHMVQBKO4,34,GCRP5YPMZYDCSRR5PZ4N6BV5JZRUFDM4GF66BV2EFMKOWDH7SLMAEBRV,24,"TX-USER-33-TO-34-623698",SUCCESS,https://stellar.expert/explorer/testnet/tx/042e424c0b1a9df08d37b964a8299b434d34f1ec23cd41b2d1f269f9e66466a8,2026-08-31T04:30:33.089Z
34,ca571454d84a229f27213e56338c0dfb28901fecbbf77bd1a4159d8b7b2ade6a,34,GCRP5YPMZYDCSRR5PZ4N6BV5JZRUFDM4GF66BV2EFMKOWDH7SLMAEBRV,SCTYBD7RPRYQPEL366AVAHXNHACOA2ZQ3UOOQ47KNJ27VYJRXUGX6JOF,35,GDNXIS6K2QSH7SKWDSEUSFJEXNU2OXBMCUEONU7W43PWFKM47LC3AUA2,17,"TX-USER-34-TO-35-633695",SUCCESS,https://stellar.expert/explorer/testnet/tx/ca571454d84a229f27213e56338c0dfb28901fecbbf77bd1a4159d8b7b2ade6a,2026-08-31T04:30:42.379Z
35,b7d1866c2eeafec8379b424208f1f40da07a07d69b30091716a2282714e24034,35,GDNXIS6K2QSH7SKWDSEUSFJEXNU2OXBMCUEONU7W43PWFKM47LC3AUA2,SDSIL46Z2YEWLEZ35AJKKGRGANB65YKCOS4ECY5XD5WFHKTJMU6NUPUH,36,GAE7EJY7MSJ2MJNDAPHK3PDWBN7YV2TNVFYPZTIOYJVUJH6X7LLG3P75,49,"TX-USER-35-TO-36-642993",SUCCESS,https://stellar.expert/explorer/testnet/tx/b7d1866c2eeafec8379b424208f1f40da07a07d69b30091716a2282714e24034,2026-08-31T04:30:53.089Z
36,d7078466229d0516e66c6edd8dd6315fa7e3cd31dc701147560c7083367c5a3d,36,GAE7EJY7MSJ2MJNDAPHK3PDWBN7YV2TNVFYPZTIOYJVUJH6X7LLG3P75,SDMLPSHTQPIFC4PDOGG26HAWIDY7YOSHGXJSYK2TT5FIXBHQUMHPN33K,37,GB5OCEN32BCRR2BSL2KUDJ3CHOUS77IHTIOU6JX2SSPVCKY6S2EIR6QQ,31,"TX-USER-36-TO-37-653704",SUCCESS,https://stellar.expert/explorer/testnet/tx/d7078466229d0516e66c6edd8dd6315fa7e3cd31dc701147560c7083367c5a3d,2026-08-31T04:31:02.376Z
37,513f26a2a65362fda45fea3b8288246f43af782956c7c2ee69ae81a7cc216384,37,GB5OCEN32BCRR2BSL2KUDJ3CHOUS77IHTIOU6JX2SSPVCKY6S2EIR6QQ,SBZPTIOTMLVXGWQAVLHD65KVZ6TGL5RYLBYBTKB62JD5UCZOTG6DXWT7,38,GDAGTCEQOELA2G37ZWP6BFWHFMFS36JV5I4EF6QLENQFUARRN5YLUGEX,42,"TX-USER-37-TO-38-662987",SUCCESS,https://stellar.expert/explorer/testnet/tx/513f26a2a65362fda45fea3b8288246f43af782956c7c2ee69ae81a7cc216384,2026-08-31T04:31:13.084Z
38,1908ded8bf96d0a9e5bf35c57ac6d2be619c5e089b1038ffdc4a1f8ca1dacd2b,38,GDAGTCEQOELA2G37ZWP6BFWHFMFS36JV5I4EF6QLENQFUARRN5YLUGEX,SCDEBAGFGV3HTES5THUCWIVUBSNULGTJ4ZDCUDD5GXTG6UMPLPW35QW4,39,GCHCRVVTFEG4E63JBR6WUXKZNOZI5C4GYKZKN7YQO65HBDA2YY2BVLV7,37,"TX-USER-38-TO-39-673687",SUCCESS,https://stellar.expert/explorer/testnet/tx/1908ded8bf96d0a9e5bf35c57ac6d2be619c5e089b1038ffdc4a1f8ca1dacd2b,2026-08-31T04:31:22.379Z
39,6573c8dc6e88799b8a6fce518ae22fa214d83e885e6baed7ecc6d8ba1615e49f,39,GCHCRVVTFEG4E63JBR6WUXKZNOZI5C4GYKZKN7YQO65HBDA2YY2BVLV7,SCWYI2DQQJRCQXQJJGWTLRBXHYT335GZSUQREPVFEVSB65H32TRECHVT,40,GDGEU5XXBS2LZXDUGAYXUKRTKFOQT4A4GVTY5GD5B2JIHFEQ62LB5NAW,49,"TX-USER-39-TO-40-682981",SUCCESS,https://stellar.expert/explorer/testnet/tx/6573c8dc6e88799b8a6fce518ae22fa214d83e885e6baed7ecc6d8ba1615e49f,2026-08-31T04:31:33.099Z
40,91f5a690f4b9c9b40fa2c321bd525f506fadbb133e269b9e3b9cdfd2e2dd9505,40,GDGEU5XXBS2LZXDUGAYXUKRTKFOQT4A4GVTY5GD5B2JIHFEQ62LB5NAW,SCEG3JMW3KFIFSKVLDKZLPNJTVYK66CNRHWQQPDVOLPRCH2EMIKKPT5P,41,GAZQ2EGB54CQLIIPIEQI6ORPZE2LGXNNXAF7RWTG26ITMNK4MHVYWG2U,18,"TX-USER-40-TO-41-693713",SUCCESS,https://stellar.expert/explorer/testnet/tx/91f5a690f4b9c9b40fa2c321bd525f506fadbb133e269b9e3b9cdfd2e2dd9505,2026-08-31T04:31:43.103Z
41,f8f2b8a7fd6e34cadf6f304ad5877666acfe9dd7f97b156de58e93d1c7c9c536,41,GAZQ2EGB54CQLIIPIEQI6ORPZE2LGXNNXAF7RWTG26ITMNK4MHVYWG2U,SB6YIWOBVV3AMCQ35BX67MUPVQ4MHYPE2AEPWXIF7NPDJFXZPEHC5TYE,42,GCY4H64UBD2EBPPUAXO6D7N2Y7BCLQAEEFJHODZL6EJILSOQSJVCPZTM,34,"TX-USER-41-TO-42-703710",SUCCESS,https://stellar.expert/explorer/testnet/tx/f8f2b8a7fd6e34cadf6f304ad5877666acfe9dd7f97b156de58e93d1c7c9c536,2026-08-31T04:31:52.386Z
42,f757d910e5e37fae88596cf4c6e94beab4ed624a3d538f2d82098da566962d05,42,GCY4H64UBD2EBPPUAXO6D7N2Y7BCLQAEEFJHODZL6EJILSOQSJVCPZTM,SCG5DNVQNDAQM7TRRFAPR346VEBJSLDFDFPP3QZ4DWJS56QHO3M5AFSK,43,GCIKJPVFEG4QJ4UJ7B5LRTCMENYKERR3QYFZX4RZTCPLRBPUUXILPVGY,8,"TX-USER-42-TO-43-712993",SUCCESS,https://stellar.expert/explorer/testnet/tx/f757d910e5e37fae88596cf4c6e94beab4ed624a3d538f2d82098da566962d05,2026-08-31T04:32:02.387Z
43,bb9794f480e7cebb2d18e890432d0c49ddbac2f2b10bee222bbf4e2dad42bd90,43,GCIKJPVFEG4QJ4UJ7B5LRTCMENYKERR3QYFZX4RZTCPLRBPUUXILPVGY,SCE27SPP7DPLNERM6B6Z3QEQQKWRYGYFDULOW6DB2HG7QHGCVCGIWF3B,44,GCLWUHF6TEZV4OBHOGW7OAFW3JK7HGBN5JWD4U6X4KVVXCNDYYE2LFQ3,8,"TX-USER-43-TO-44-722995",SUCCESS,https://stellar.expert/explorer/testnet/tx/bb9794f480e7cebb2d18e890432d0c49ddbac2f2b10bee222bbf4e2dad42bd90,2026-08-31T04:32:13.096Z
44,79120d5d7fa07b1330a0545b2d8ff11ecd1fa46bab3a5d7279ee138379b40cd9,44,GCLWUHF6TEZV4OBHOGW7OAFW3JK7HGBN5JWD4U6X4KVVXCNDYYE2LFQ3,SBKTY77WVYM7DQOZOQCSPNIF27TQOGCTNLERD27GL5WMBL7Q6OPAWABJ,45,GB6TRWI32XS2XNLYQNWLNU7FLP7MSWRYOQBWMY4NXWLC6LVXH5HRZL6D,17,"TX-USER-44-TO-45-733711",SUCCESS,https://stellar.expert/explorer/testnet/tx/79120d5d7fa07b1330a0545b2d8ff11ecd1fa46bab3a5d7279ee138379b40cd9,2026-08-31T04:32:22.384Z
45,a69d8c4143c6b019857684d10c801e5847e576024540359709374e5542a2947e,45,GB6TRWI32XS2XNLYQNWLNU7FLP7MSWRYOQBWMY4NXWLC6LVXH5HRZL6D,SANDK7R6IKH64OCLFIWE3AHH6QDZPQI2DCGXTDPIYULI6JRMMLIQFPRY,46,GBQS3SXXEGAGBHL3TGPPZHJIVEUZ2GDY4MTJ6ZKJCJKGNIYXTDWFKXKS,15,"TX-USER-45-TO-46-742998",SUCCESS,https://stellar.expert/explorer/testnet/tx/a69d8c4143c6b019857684d10c801e5847e576024540359709374e5542a2947e,2026-08-31T04:32:32.388Z
46,10eaf87ab4602578b1c816494b24362d0ef57b283ff015a18ba366404209fbbb,46,GBQS3SXXEGAGBHL3TGPPZHJIVEUZ2GDY4MTJ6ZKJCJKGNIYXTDWFKXKS,SAYHFVFEV2L5MENBELHE2RATSD5URC3DGPN42DUYLFHX4O43LXURPMZ6,47,GCWHAGQYS4CNRSZQCPJIHVYKV4LUM4V3FU7I273MJGCRRCTKUWEXT7OD,23,"TX-USER-46-TO-47-752994",SUCCESS,https://stellar.expert/explorer/testnet/tx/10eaf87ab4602578b1c816494b24362d0ef57b283ff015a18ba366404209fbbb,2026-08-31T04:32:43.091Z
47,62e9485d5d7d31f3e8316957eedfc03347dbbde7b52a0a0160d1d392e019070d,47,GCWHAGQYS4CNRSZQCPJIHVYKV4LUM4V3FU7I273MJGCRRCTKUWEXT7OD,SCCY7DSVYTLW72W4VULSI2HLM7WFVHGDORKSJ4XY6NUCXRTXH7RFWYA2,48,GBAI6GUKOVVCWQGHCXP3MSEWGAG3FVYL446VCTOL37XE6JTSLRD6IM27,16,"TX-USER-47-TO-48-763693",SUCCESS,https://stellar.expert/explorer/testnet/tx/62e9485d5d7d31f3e8316957eedfc03347dbbde7b52a0a0160d1d392e019070d,2026-08-31T04:32:52.382Z
48,dea511929e6e84b17b68a611e483db617903638d7000804b9c425b3b2d1b9909,48,GBAI6GUKOVVCWQGHCXP3MSEWGAG3FVYL446VCTOL37XE6JTSLRD6IM27,SCIWKMM3WKW6SB6NIOGRCV3I3NCFP75MZHXXMABSQPYWWIL23CVKCXDW,49,GBAMJ65Q5FXUQ3LVNE7EACVW2NUMUWB5O6WHNHPRM7D32WKZJ7CXUPNG,25,"TX-USER-48-TO-49-772986",SUCCESS,https://stellar.expert/explorer/testnet/tx/dea511929e6e84b17b68a611e483db617903638d7000804b9c425b3b2d1b9909,2026-08-31T04:33:02.384Z
49,a49b7593ef18c3cc6187370375ba744ad1da287f8e89e13279623c8aeb6961aa,49,GBAMJ65Q5FXUQ3LVNE7EACVW2NUMUWB5O6WHNHPRM7D32WKZJ7CXUPNG,SB5VOMUPYJU2PH5NTXLTKO52MXHVUCXHCH5QBTTRKMVU77CIBZUAL7FY,50,GDPEGMKV4TUR2QTM5EKPHXRORJBXXJIMP7H3W7X6NWIVN75B32BCMZBD,39,"TX-USER-49-TO-50-782989",SUCCESS,https://stellar.expert/explorer/testnet/tx/a49b7593ef18c3cc6187370375ba744ad1da287f8e89e13279623c8aeb6961aa,2026-08-31T04:33:13.093Z
50,35b4c76c1b8607dc1b1a7352ac433b8dc413e6ff14456d40f73358725cef45b1,50,GDPEGMKV4TUR2QTM5EKPHXRORJBXXJIMP7H3W7X6NWIVN75B32BCMZBD,SAYXPXRKGPDYDADVYT33RI76LBR3QGGTJLRNMCXJ24ZBG2GWFGQTPQIO,51,GBDENXCREXJDFR7MVFQDBIJWDMRM4AYLWDWNYEUZFJLROKQG2XNYPZUY,24,"TX-USER-50-TO-51-793694",SUCCESS,https://stellar.expert/explorer/testnet/tx/35b4c76c1b8607dc1b1a7352ac433b8dc413e6ff14456d40f73358725cef45b1,2026-08-31T04:33:22.381Z
51,496dc6e8721f7b24891145b55f1badda73fc60c7ec6221afde78f4a2fc00d698,51,GBDENXCREXJDFR7MVFQDBIJWDMRM4AYLWDWNYEUZFJLROKQG2XNYPZUY,SCULSYIQLEWQON6S2MPYJCBZCX2QGUKUBL6LNJLRK3YP2OWHL2KYRESC,52,GBKEBCOQFLT466XCMYOEUYDGCDTDPCGLATGOGNAQVC7YCKHWI7IV2MBF,11,"TX-USER-51-TO-52-802989",SUCCESS,https://stellar.expert/explorer/testnet/tx/496dc6e8721f7b24891145b55f1badda73fc60c7ec6221afde78f4a2fc00d698,2026-08-31T04:33:32.386Z
52,04d147d29b3b63e2e745044604a76c092b1699a90450bda8a7737330791c499f,52,GBKEBCOQFLT466XCMYOEUYDGCDTDPCGLATGOGNAQVC7YCKHWI7IV2MBF,SAWORATG2L3HU6L6DX3DN7XYWDL3EUGZUELJHQVN2WCT7BV3ECYW3BRM,1,GCV6GIWASJOV6WAJOEHODCYF4642GX23FAKQ5AMTQEU733O3WZ4KXVJM,28,"TX-USER-52-TO-1-812990",SUCCESS,https://stellar.expert/explorer/testnet/tx/04d147d29b3b63e2e745044604a76c092b1699a90450bda8a7737330791c499f,2026-08-31T04:33:42.388Z